link,title
/sfc/npo/5663488780.html,
/sfc/npo/5663486895.html,
/sfc/npo/5663483840.html,
/sfc/npo/5663482886.html,
/sfc/npo/5663481281.html,
/pen/npo/5663480685.html,
/sfc/npo/5663480260.html,
/sfc/npo/5663479656.html,
/sfc/npo/5663478826.html,
/sfc/npo/5663476200.html,
/sfc/npo/5663474678.html,
/sfc/npo/5663468905.html,
/sfc/npo/5663467349.html,
/sby/npo/5663455852.html,
/sby/npo/5663453488.html,
/scz/npo/5663452698.html,
/pen/npo/5663451369.html,
/eby/npo/5663451161.html,
/eby/npo/5663447847.html,
/sby/npo/5663445724.html,
/eby/npo/5663438017.html,
/eby/npo/5663434221.html,
/eby/npo/5663430167.html,
/sfc/npo/5663422748.html,
/sfc/npo/5663421801.html,
/eby/npo/5663416875.html,
/pen/npo/5663414296.html,
/eby/npo/5663409944.html,
/sby/npo/5663408955.html,
/sfc/npo/5663405682.html,
/eby/npo/5663399445.html,
/sby/npo/5663398342.html,
/sby/npo/5663397599.html,
/sby/npo/5663392941.html,
/nby/npo/5663389218.html,
/sfc/npo/5663386136.html,
/eby/npo/5663381321.html,
/sfc/npo/5663380639.html,
/sby/npo/5663376344.html,
/nby/npo/5663375178.html,
/eby/npo/5663371535.html,
/pen/npo/5663371193.html,
/nby/npo/5663368770.html,
/eby/npo/5663363258.html,
/scz/npo/5663362389.html,
/sfc/npo/5663361346.html,
/eby/npo/5663361120.html,
/eby/npo/5663360493.html,
/eby/npo/5663360141.html,
/nby/npo/5663359951.html,
/eby/npo/5663359082.html,
/eby/npo/5663357845.html,
/eby/npo/5663357022.html,
/eby/npo/5663354585.html,
/eby/npo/5663353828.html,
/eby/npo/5663351969.html,
/eby/npo/5663351126.html,
/sfc/npo/5663348495.html,
/eby/npo/5663347586.html,
/eby/npo/5663345039.html,
/sfc/npo/5663344866.html,
/eby/npo/5663344147.html,
/eby/npo/5663342830.html,
/eby/npo/5663341900.html,
/eby/npo/5663340025.html,
/scz/npo/5663335689.html,
/sfc/npo/5663334867.html,
/sby/npo/5663333622.html,
/sby/npo/5663333179.html,
/sby/npo/5663332666.html,
/pen/npo/5663314997.html,
/sfc/npo/5663249974.html,
/eby/npo/5663244593.html,
/eby/npo/5663236224.html,
/sfc/npo/5663233391.html,
/sfc/npo/5663185236.html,
/sfc/npo/5663176727.html,
/pen/npo/5663131723.html,
/eby/npo/5663096086.html,
/pen/npo/5663057241.html,
/eby/npo/5663053153.html,
/nby/npo/5663046261.html,
/sby/npo/5663015526.html,
/eby/npo/5662973264.html,
/pen/npo/5662967919.html,
/eby/npo/5662966445.html,
/sfc/npo/5662963052.html,
/pen/npo/5662959317.html,
/eby/npo/5662920451.html,
/nby/npo/5662898478.html,
/sfc/npo/5662886407.html,
/sfc/npo/5662879912.html,
/eby/npo/5662865170.html,
/scz/npo/5662851694.html,
/sby/npo/5662847899.html,
/pen/npo/5662827680.html,
/eby/npo/5662814861.html,
/eby/npo/5662810390.html,
/sfc/npo/5662802795.html,
/eby/npo/5662800189.html,
